symbol,fold,test_start,test_end,initial_equity,final_equity,total_return_pct,benchmark_return_pct,max_drawdown_pct,benchmark_drawdown_pct,total_trades,wins,losses,win_rate_pct,profit_factor,avg_trade_return_pct,best_trade_pct,worst_trade_pct,avg_duration_hours,total_fees_paid,exposure_pct,profitable,beat_benchmark
BTC/USDT,1,2025-05-31 19:00:00+00:00,2025-07-30 19:00:00+00:00,1000.0,994.3761309575543,-0.5623869042445717,11.670430825721434,10.70998896547517,10.330186365120674,5,1,4,20.0,0.9301626499393802,-0.02353991570767535,7.879509530553497,-4.92648986891111,183.4,9.961786803302601,63.63636363636363,False,False
BTC/USDT,2,2025-07-30 19:00:00+00:00,2025-09-28 19:00:00+00:00,1000.0,911.708026301885,-8.829197369811503,-5.627192960323124,11.131626709342601,13.273329052273242,3,0,3,0.0,0.0,-3.033568567483565,-2.6643931370100127,-3.502369536732053,172.66666666666666,5.723010488605565,35.94725884802221,False,False
BTC/USDT,3,2025-09-28 19:00:00+00:00,2025-11-27 19:00:00+00:00,1000.0,1000.9452440229279,0.0945244022927838,-17.047126274270962,5.548872727007248,34.76147116470142,1,1,0,100.0,,0.0945244022927838,0.0945244022927838,0.0945244022927838,199.0,2.001947191214142,13.809854267869534,True,True
BTC/USDT,4,2025-11-27 19:00:00+00:00,2026-01-26 19:00:00+00:00,1000.0,974.5185530240411,-2.548144697595889,-3.8403679040593053,5.210655276396725,11.428076392797193,2,1,1,50.0,0.4167022426937396,-1.2324944537372762,1.9035255702143816,-4.368514477688934,109.0,3.889081029644684,15.128383067314367,False,True
BTC/USDT,5,2026-01-26 19:00:00+00:00,2026-03-27 19:00:00+00:00,1000.0,958.7081781981738,-4.129182180182623,-24.96504217151997,5.858834857917294,30.310817079633246,1,0,1,0.0,0.0,-4.129182180182623,-4.129182180182623,-4.129182180182623,44.0,1.9596678460442178,3.0534351145038165,False,True
BTC/USDT,6,2026-03-27 19:00:00+00:00,2026-05-26 19:00:00+00:00,1000.0,1078.8558189027901,7.885581890279014,15.159357886489921,5.529241644348637,9.589496926246765,1,1,0,100.0,,7.885581890279014,7.885581890279014,7.885581890279014,870.0,2.0799357546574475,60.37473976405274,True,False
BTC/USDT,7,2026-05-26 19:00:00+00:00,2026-07-25 19:00:00+00:00,1000.0,993.0792807506518,-0.6920719249348117,-15.336375111765632,4.437668961121943,23.410097328939873,1,0,1,0.0,0.0,-0.6920719249348117,-0.6920719249348117,-0.6920719249348117,155.0,1.9940733541047566,10.756419153365718,False,True
ETH/USDT,1,2025-05-31 19:00:00+00:00,2025-07-30 19:00:00+00:00,1000.0,1213.9001111078878,21.390011110788777,48.20997871837314,18.680296739821245,24.15177248077559,4,2,2,50.0,2.5422481157433108,6.467413333380515,38.440957964636205,-8.26341890058857,188.75,8.160234838504756,52.39417071478141,True,False
ETH/USDT,2,2025-07-30 19:00:00+00:00,2025-09-28 19:00:00+00:00,1000.0,976.8595824249719,-2.314041757502805,7.41275514002786,21.23956907569198,22.213373860182383,7,2,5,28.57142857142857,0.9008760512469206,-0.0006394958829607818,20.229357826360328,-5.6074759709088156,70.71428571428571,14.464696851641715,34.35114503816794,False,False
ETH/USDT,3,2025-09-28 19:00:00+00:00,2025-11-27 19:00:00+00:00,1000.0,958.4656003876585,-4.153439961234151,-24.939781405884464,9.37728932346481,43.51885007983216,2,1,1,50.0,0.024829934439128436,-2.07447019217889,0.10575554518788,-4.25469592954566,44.5,3.9625421959318965,6.176266481609993,False,True
ETH/USDT,4,2025-11-27 19:00:00+00:00,2026-01-26 19:00:00+00:00,1000.0,1019.241166250917,1.9241166250917097,-3.5916649626321795,5.676172487899889,17.974111616741027,2,1,1,50.0,2.981810214924087,0.9762497301076034,2.9233878987761086,-0.9708884385609018,112.0,4.00183494130539,15.544760582928522,True,True
ETH/USDT,5,2026-01-26 19:00:00+00:00,2026-03-27 19:00:00+00:00,1000.0,903.7935530617827,-9.620644693821722,-31.863556747584767,10.896572105614677,40.26653770742041,2,0,2,0.0,0.0,-4.9298562246904485,-4.300009544773509,-5.559702904607389,44.0,3.7944495415402213,6.106870229007633,False,True
ETH/USDT,6,2026-03-27 19:00:00+00:00,2026-05-26 19:00:00+00:00,1000.0,952.0770522935729,-4.792294770642702,4.14618594072429,12.206846334350708,17.29735242524375,4,1,3,25.0,0.31512037766038803,-1.1927298342267663,2.2049856481727748,-3.946504369217496,138.75,7.91918594683636,38.51492019430951,False,False
ETH/USDT,7,2026-05-26 19:00:00+00:00,2026-07-25 19:00:00+00:00,1000.0,943.1222300295958,-5.687776997040417,-9.619195001663217,7.193348916763409,26.977290712452962,3,0,3,0.0,0.0,-1.9270943466220232,-0.40631456122914855,-2.8507544605238966,84.66666666666667,5.782911403161786,17.626648160999306,False,True
SOL/USDT,1,2025-05-31 19:00:00+00:00,2025-07-30 19:00:00+00:00,1000.0,1169.2593356999535,16.925933569995344,11.808024377856775,9.197860962566839,23.143608752839885,3,2,1,66.66666666666666,9.905762352831843,5.636875813618015,16.60440017847251,-1.5994410908312218,123.66666666666667,6.587282530300211,25.746009715475367,True,True
SOL/USDT,2,2025-07-30 19:00:00+00:00,2025-09-28 19:00:00+00:00,1000.0,865.160384577262,-13.483961542273804,17.067908244378827,30.32567234208232,23.577850266528756,10,1,9,10.0,0.38025781200333947,-1.3477044711325135,10.470460863949494,-6.691215123313155,68.1,17.761465644850347,47.2588480222068,False,False
SOL/USDT,3,2025-09-28 19:00:00+00:00,2025-11-27 19:00:00+00:00,1000.0,961.0618902533611,-3.8938109746638916,-30.77408090018431,6.490709459459465,47.50000000000001,1,0,1,0.0,0.0,-3.8938109746638916,-3.8938109746638916,-3.8938109746638916,112.0,1.9620239141675286,7.772380291464261,False,True
SOL/USDT,4,2025-11-27 19:00:00+00:00,2026-01-26 19:00:00+00:00,1000.0,990.243957322778,-0.9756042677221965,-12.905485882435364,6.541485900216914,20.037960954446852,1,0,1,0.0,0.0,-0.9756042677221965,-0.9756042677221965,-0.9756042677221965,291.0,1.9912351925152934,20.194309507286608,False,True
SOL/USDT,5,2026-01-26 19:00:00+00:00,2026-03-27 19:00:00+00:00,1000.0,893.9335061052135,-10.606649389478651,-33.38428123240287,10.606649389478651,41.08605757977685,2,0,2,0.0,0.0,-5.451689404190724,-5.232656371326316,-5.670722437055131,16.0,3.7823581227111926,2.220680083275503,False,True
SOL/USDT,6,2026-03-27 19:00:00+00:00,2026-05-26 19:00:00+00:00,1000.0,959.4865474890539,-4.051345251094607,1.195507788914374,7.903045116610663,16.47825644159283,3,1,2,33.33333333333333,0.32693776252262935,-1.3355604832429886,2.0939693239152346,-4.130460751471265,112.66666666666667,5.7593527255602055,23.4559333795975,False,False
SOL/USDT,7,2026-05-26 19:00:00+00:00,2026-07-25 19:00:00+00:00,1000.0,896.4225286766374,-10.357747132336259,-11.014319809069217,13.32001983153841,27.90146849834202,3,0,3,0.0,0.0,-3.5763167139377843,-2.578452532274078,-4.352345227360543,87.0,5.711287243467856,18.11242192921582,False,True
BNB/USDT,1,2025-05-31 19:00:00+00:00,2025-07-30 19:00:00+00:00,1000.0,1097.854206685868,9.785420668586786,19.25197029748076,11.993891383557177,10.093391337916291,4,1,3,25.0,1.9713054567183266,2.91770113674274,22.084865250982922,-5.031804477702817,220.0,7.738880640809751,61.06870229007634,True,False
BNB/USDT,2,2025-07-30 19:00:00+00:00,2025-09-28 19:00:00+00:00,1000.0,1178.193551378925,17.81935513789248,24.564821535444615,12.005266270470527,12.892073493740774,3,2,1,66.66666666666666,4.494612268727416,5.892837518116527,14.066990004165403,-4.1483550072271,370.0,6.795248543045267,77.02984038861902,True,False
BNB/USDT,3,2025-09-28 19:00:00+00:00,2025-11-27 19:00:00+00:00,1000.0,994.9123476846656,-0.5087652315334368,-8.365193923657255,24.730743034834845,40.88956427715596,4,1,3,25.0,0.97890568422682,0.7401348078134032,23.609828469443485,-12.595850872943327,104.0,8.850199289119297,28.868841082581543,False,True
BNB/USDT,4,2025-11-27 19:00:00+00:00,2026-01-26 19:00:00+00:00,1000.0,995.0252359083256,-0.49747640916744107,-2.453173283950072,5.150883950720675,11.103768065697373,1,0,1,0.0,0.0,-0.49747640916744107,-0.49747640916744107,-0.49747640916744107,349.0,1.996021257165491,24.219292158223457,False,True
BNB/USDT,5,2026-01-26 19:00:00+00:00,2026-03-27 19:00:00+00:00,1000.0,968.3603628338445,-3.1639637166155476,-30.21843549862764,4.118525970087427,35.948489351163936,1,0,1,0.0,0.0,-3.1639637166155476,-3.1639637166155476,-3.1639637166155476,16.0,1.969329692526371,1.1103400416377516,False,True
BNB/USDT,6,2026-03-27 19:00:00+00:00,2026-05-26 19:00:00+00:00,1000.0,1003.0387505778082,0.30387505778082247,7.707688021371117,9.51193123432008,7.5967552350132745,3,1,2,33.33333333333333,1.0859552231759007,0.1433599252763725,3.8391466393455698,-3.27146690005784,233.0,6.091712249869656,48.507980569049266,True,False
BNB/USDT,7,2026-05-26 19:00:00+00:00,2026-07-25 19:00:00+00:00,1000.0,922.3521069410231,-7.76478930589769,-13.466220328667067,8.636136372849744,26.732700025674628,2,0,2,0.0,0.0,-3.957394696925526,-3.1443977769324505,-4.770391616918602,50.0,3.861356952332476,6.939625260235947,False,True
XRP/USDT,1,2025-05-31 19:00:00+00:00,2025-07-30 19:00:00+00:00,1000.0,1370.4048663477681,37.04048663477681,41.32944021168849,14.431363535505925,17.73094293143562,2,1,1,50.0,9.17601338466121,19.185394423201952,41.57087141915932,-3.200082572755414,243.0,5.204611197213977,33.726578764746705,True,False
XRP/USDT,2,2025-07-30 19:00:00+00:00,2025-09-28 19:00:00+00:00,1000.0,938.4778464907018,-6.152215350929813,-8.719090967783583,13.35073277352603,19.800367276820086,3,0,3,0.0,0.0,-2.0926624745520686,-1.5761212439730166,-2.8778638803025225,98.33333333333333,5.821664403486461,20.471894517696043,False,True
XRP/USDT,3,2025-09-28 19:00:00+00:00,2025-11-27 19:00:00+00:00,1000.0,973.1521429576757,-2.6847857042324286,-21.353043109240733,5.01093591878039,39.298427286259795,1,0,1,0.0,0.0,-2.6847857042324286,-2.6847857042324286,-2.6847857042324286,74.0,1.9741262692269026,5.135322692574601,False,True
XRP/USDT,4,2025-11-27 19:00:00+00:00,2026-01-26 19:00:00+00:00,1000.0,867.180918442315,-13.281908155768496,-14.218265209766622,13.881631903292991,24.0200585039699,2,0,2,0.0,0.0,-6.852026966639418,-4.675861577584605,-9.02819235569423,45.5,3.6883957490009887,6.315058986814711,False,True
XRP/USDT,5,2026-01-26 19:00:00+00:00,2026-03-27 19:00:00+00:00,1000.0,1000.0,0.0,-30.528909157624362,0.0,40.123615761009525,0,0,0,,,,,,,0.0,0.0,False,True
XRP/USDT,6,2026-03-27 19:00:00+00:00,2026-05-26 19:00:00+00:00,1000.0,928.8898404039236,-7.111015959607636,0.5432732211574809,9.412260552929041,14.679078245020172,2,1,1,50.0,0.05142128849864251,-3.539888328598179,0.4167187557701846,-7.496495412966542,247.0,3.780815712811534,34.28174878556558,False,False
XRP/USDT,7,2026-05-26 19:00:00+00:00,2026-07-25 19:00:00+00:00,1000.0,1000.0,0.0,-17.39587242026266,0.0,25.41351172535471,0,0,0,,,,,,,0.0,0.0,False,True
