symbol,variant,folds,wf_return_pct,wf_benchmark_pct,wf_excess_pp,wf_avg_drawdown_pct,wf_positive_folds
BTC/USDT,baseline (100/0),7,-7.723192004367652,-38.500861811904365,30.77766980753671,6.957811342932669,2
BTC/USDT,vol 30% cap 1.0,7,-8.106029888464661,-38.500861811904365,30.394831923439703,6.468858267253734,2
BTC/USDT,vol 40% cap 1.0,7,-7.7511235867748995,-38.500861811904365,30.749738225129466,6.85277204196809,2
BTC/USDT,vol 50% cap 1.0,7,-7.723192004367652,-38.500861811904365,30.77766980753671,6.957811342932669,2
BTC/USDT,vol 40% cap 1.5 (LEV),7,-10.820187715807528,-38.500861811904365,27.680674096096837,8.767669086194953,2
BTC/USDT,vol 50% cap 2.0 (LEV),7,-14.40866383352476,-38.500861811904365,24.092197978379605,10.930137931996958,2
ETH/USDT,baseline (100/0),7,-3.1334822863168466,-26.114920785055574,22.981438498738726,12.218181611267585,3
ETH/USDT,vol 30% cap 1.0,7,-1.5011368242552559,-26.114920785055574,24.61378396080032,7.099037540515966,3
ETH/USDT,vol 40% cap 1.0,7,-2.0956407942296473,-26.114920785055574,24.019279990825925,9.17423022799711,3
ETH/USDT,vol 50% cap 1.0,7,-1.3254149552363037,-26.114920785055574,24.78950582981927,10.651484652252309,3
ETH/USDT,vol 40% cap 1.5 (LEV),7,-2.621466628615843,-26.114920785055574,23.493454156439732,9.377301627537028,3
ETH/USDT,vol 50% cap 2.0 (LEV),7,-4.036321846642721,-26.114920785055574,22.078598938412853,11.612044966296537,3
SOL/USDT,baseline (100/0),7,-25.97849744377928,-52.659979685119374,26.681482241340095,12.099002544781916,1
SOL/USDT,vol 30% cap 1.0,7,-12.178274020658197,-52.659979685119374,40.481705664461174,6.211059822363792,1
SOL/USDT,vol 40% cap 1.0,7,-15.241174259446211,-52.659979685119374,37.41880542567316,8.043789153353345,1
SOL/USDT,vol 50% cap 1.0,7,-18.65584698894426,-52.659979685119374,34.00413269617512,9.671876853569572,1
SOL/USDT,vol 40% cap 1.5 (LEV),7,-16.30983151862042,-52.659979685119374,36.350148166498954,8.190772665197597,1
SOL/USDT,vol 50% cap 2.0 (LEV),7,-20.44240769772918,-52.659979685119374,32.217571987390194,10.126739561252426,1
BNB/USDT,baseline (100/0),7,14.832864916873568,-13.640988261734432,28.473853178608,10.923255140500457,3
BNB/USDT,vol 30% cap 1.0,7,21.990380980956004,-13.640988261734432,35.63136924269044,7.110566998830065,4
BNB/USDT,vol 40% cap 1.0,7,27.398036843690843,-13.640988261734432,41.039025105425274,8.493616673130788,4
BNB/USDT,vol 50% cap 1.0,7,27.625506096299503,-13.640988261734432,41.26649435803394,9.269419940506944,4
BNB/USDT,vol 40% cap 1.5 (LEV),7,31.967055078379204,-13.640988261734432,45.60804334011364,9.492714060904362,4
BNB/USDT,vol 50% cap 2.0 (LEV),7,41.659169922242526,-13.640988261734432,55.30015818397696,11.814813408251707,4
XRP/USDT,baseline (100/0),7,0.8155645879532214,-49.7832930334413,50.59885762139452,8.049938800291226,1
XRP/USDT,vol 30% cap 1.0,7,1.5699534580736252,-49.7832930334413,51.35324649151493,4.1972656853089605,1
XRP/USDT,vol 40% cap 1.0,7,0.7464275870372905,-49.7832930334413,50.52972062047859,5.403774993171065,1
XRP/USDT,vol 50% cap 1.0,7,1.591111380552257,-49.7832930334413,51.37440441399356,6.33397758118033,1
XRP/USDT,vol 40% cap 1.5 (LEV),7,1.6892156309174622,-49.7832930334413,51.47250866435876,5.559534950015637,1
XRP/USDT,vol 50% cap 2.0 (LEV),7,1.6045171859325302,-49.7832930334413,51.38781021937383,6.90323353269171,1
